name,datetime,temp,feelslike,dew,humidity,precip,precipprob,preciptype,snow,snowdepth,windgust,windspeed,winddir,sealevelpressure,cloudcover,visibility,solarradiation,solarenergy,uvindex,severerisk,conditions,icon,stations
raipur chhattisgarh,2025-08-14T00:00:00,26.8,29.5,23.8,83.65,0.3,100,rain,0,0,26.6,11.2,88.7,1003,100,24.1,0,0,0,10,"Rain, Overcast",rain,remote
raipur chhattisgarh,2025-08-14T01:00:00,26.7,26.7,23.7,83.64,0,0,,0,0,26.6,11.5,86.1,1003,100,24.1,0,0,0,10,Overcast,cloudy,remote
raipur chhattisgarh,2025-08-14T02:00:00,26.4,26.4,23.6,84.62,0,0,,0,0,25.6,11.2,78.2,1002,100,24.1,0,0,0,10,Overcast,cloudy,remote
raipur chhattisgarh,2025-08-14T03:00:00,25.9,25.9,23.3,85.6,0.5,100,rain,0,0,26.6,12.6,76.6,1002,93.4,7.6,0,0,0,10,"Rain, Overcast",rain,remote
raipur chhattisgarh,2025-08-14T04:00:00,25.7,25.7,23.1,85.58,0.4,100,rain,0,0,28.1,11.9,78.5,1002,88.7,24.1,0,0,0,10,"Rain, Partially cloudy",rain,remote
raipur chhattisgarh,2025-08-14T05:00:00,25.5,25.5,23.2,87.12,0,0,,0,0,27,10.8,78.5,1002,83.2,24.1,0,0,0,10,Partially cloudy,partly-cloudy-night,remote
raipur chhattisgarh,2025-08-14T06:00:00,25.2,25.2,23.2,88.69,0.1,100,rain,0,0,25.6,11.2,60.1,1003,100,23.9,0,0,0,10,"Rain, Overcast",rain,remote
raipur chhattisgarh,2025-08-14T07:00:00,25.5,25.5,23.4,88.18,0,0,,0,0,26.3,11.5,70.5,1003,48.6,24.1,26,0.1,0,10,Partially cloudy,partly-cloudy-day,remote
raipur chhattisgarh,2025-08-14T08:00:00,26.8,29.2,23.1,80.19,0,0,,0,0,25.6,15.8,82.2,1004,99.4,24.1,210,0.8,2,10,Overcast,cloudy,remote
raipur chhattisgarh,2025-08-14T09:00:00,28,31.3,23.2,75.2,0.1,100,rain,0,0,24.1,17.6,85.5,1004,58.5,15,399,1.4,4,10,"Rain, Partially cloudy",rain,remote
raipur chhattisgarh,2025-08-14T10:00:00,29.3,33.1,23,68.89,0,0,,0,0,22.3,18.7,88.9,1004,98.2,24.1,628,2.3,6,10,Overcast,cloudy,remote
raipur chhattisgarh,2025-08-14T11:00:00,30.4,34.4,22.8,63.89,0,0,,0,0,21.6,18.7,84.4,1004,90.2,24.1,756,2.7,8,10,Overcast,cloudy,remote
raipur chhattisgarh,2025-08-14T12:00:00,31.2,35.3,22.7,60.67,0,0,rain,0,0,19.8,17.3,83.3,1003,100,24.1,788,2.8,8,10,Overcast,cloudy,remote
raipur chhattisgarh,2025-08-14T13:00:00,30.4,34.1,22.5,62.74,0,0,,0,0,19.4,18,81.1,1002,94.8,24.1,346,1.2,3,10,Overcast,cloudy,remote
raipur chhattisgarh,2025-08-14T14:00:00,31.6,35.6,22.4,58.23,0,0,,0,0,17.3,14.8,72.8,1001,85.7,24.1,694,2.5,7,10,Partially cloudy,partly-cloudy-day,remote
raipur chhattisgarh,2025-08-14T15:00:00,32.4,36.4,22.2,54.98,0,0,,0,0,17.6,14,69.8,1000,100,24.1,726,2.6,7,10,Overcast,cloudy,remote
raipur chhattisgarh,2025-08-14T16:00:00,31.9,35.6,22,55.87,0,0,,0,0,16.9,13,78.3,1000,100,24.1,328,1.2,3,10,Overcast,cloudy,remote
raipur chhattisgarh,2025-08-14T17:00:00,30.5,34.8,23.1,64.69,0.3,80.6,rain,0,0,17.3,11.2,82.3,1000,99.2,10.7,111,0.4,1,30,"Rain, Overcast",rain,
raipur chhattisgarh,2025-08-14T18:00:00,30.1,34.5,23.4,67.4,0.4,80.6,rain,0,0,16.2,8.3,74.6,1000,29.1,24.1,69,0.2,1,30,"Rain, Partially cloudy",rain,
raipur chhattisgarh,2025-08-14T19:00:00,29.4,33.7,23.6,71.03,0.1,93.5,rain,0,0,9.4,7.2,66.3,1000,31.9,23.1,60,0.2,0,30,"Rain, Partially cloudy",rain,
raipur chhattisgarh,2025-08-14T20:00:00,28.3,31.9,23.4,74.79,1,93.5,rain,0,0,13.7,8.6,71.9,1001,100,10.8,0,0,0,10,"Rain, Overcast",rain,
raipur chhattisgarh,2025-08-14T21:00:00,28.3,31.9,23.4,74.79,0.5,93.5,rain,0,0,12.2,8.6,90.5,1001,100,23,0,0,0,30,"Rain, Overcast",rain,
raipur chhattisgarh,2025-08-14T22:00:00,27.7,30.9,23.4,77.46,0.2,93.5,rain,0,0,15.1,9.4,112,1002,100,13.6,0,0,0,30,"Rain, Overcast",rain,
raipur chhattisgarh,2025-08-14T23:00:00,27.5,30.8,23.8,80.28,0.2,93.5,rain,0,0,12.6,7.6,119.8,1002,98.3,24.1,0,0,0,30,"Rain, Overcast",rain,
raipur chhattisgarh,2025-08-15T00:00:00,27.1,30,23.6,81.2,0.6,93.5,rain,0,0,9,7.2,100,1002,100,12.5,0,0,0,30,"Rain, Overcast",rain,
raipur chhattisgarh,2025-08-15T01:00:00,27.1,29.9,23.5,80.71,0.8,100,rain,0,0,9.4,7.6,87,1001,95.8,14.8,0,0,0,30,"Rain, Overcast",rain,
raipur chhattisgarh,2025-08-15T02:00:00,26.6,26.6,23.3,82.13,1.6,100,rain,0,0,11.9,9,90.9,1000,100,5,0,0,0,10,"Rain, Overcast",rain,
raipur chhattisgarh,2025-08-15T03:00:00,26.4,26.4,23.5,84.11,1.5,100,rain,0,0,11.9,8.6,96.1,1000,97.8,16.8,0,0,0,30,"Rain, Overcast",rain,
raipur chhattisgarh,2025-08-15T04:00:00,26.1,26.1,23.5,85.61,0.6,100,rain,0,0,12.2,8.6,94.7,1000,98.5,24.1,0,0,0,10,"Rain, Overcast",rain,
raipur chhattisgarh,2025-08-15T05:00:00,26,26,23.4,85.6,1,100,rain,0,0,13.7,8.6,90.5,1000,62.5,11.7,0,0,0,10,"Rain, Partially cloudy",rain,
raipur chhattisgarh,2025-08-15T06:00:00,25.9,25.9,23.4,86.11,0.7,100,rain,0,0,13,7.9,100.4,1000,39.5,24.1,0,0,0,10,"Rain, Partially cloudy",rain,
raipur chhattisgarh,2025-08-15T07:00:00,26.3,26.3,23.6,85.12,0,90.3,rain,0,0,12.2,6.5,92,1001,45.8,23.5,30,0.1,0,30,"Rain, Partially cloudy",rain,
raipur chhattisgarh,2025-08-15T08:00:00,27.3,30.3,23.6,80.26,0.7,90.3,rain,0,0,12.6,9.4,93.2,1002,59.7,5.3,207,0.7,2,30,"Rain, Partially cloudy",rain,
raipur chhattisgarh,2025-08-15T09:00:00,28.2,32,23.8,77.07,2.1,90.3,rain,0,0,13.3,10.8,89.1,1002,28.5,17.2,434,1.6,4,30,"Rain, Partially cloudy",rain,
raipur chhattisgarh,2025-08-15T10:00:00,29.2,33.6,23.8,72.72,1.4,90.3,rain,0,0,12.2,10.1,70.8,1002,16.4,22.9,639,2.3,6,30,Rain,rain,
raipur chhattisgarh,2025-08-15T11:00:00,30.3,35.2,23.8,68.26,0.8,90.3,rain,0,0,12.2,10.8,58.8,1001,55.1,16,807,2.9,8,30,"Rain, Partially cloudy",rain,
raipur chhattisgarh,2025-08-15T12:00:00,31.3,36.6,23.8,64.47,0.5,90.3,rain,0,0,12.2,10.4,56.3,1001,93.5,16.7,866,3.1,9,30,"Rain, Overcast",rain,
raipur chhattisgarh,2025-08-15T13:00:00,31.9,37.3,23.7,61.93,0.8,90.3,rain,0,0,13,11.2,54.4,1000,100,24.1,841,3,8,30,"Rain, Overcast",rain,
raipur chhattisgarh,2025-08-15T14:00:00,31.6,36.9,23.7,63,1.4,90.3,rain,0,0,13.7,11.9,64.4,999,99.3,23.2,626,2.3,6,30,"Rain, Overcast",rain,
raipur chhattisgarh,2025-08-15T15:00:00,31.9,37.4,23.8,62.31,1.4,90.3,rain,0,0,13,10.8,84.7,998,91.1,24.1,787,2.8,8,30,"Rain, Overcast",rain,
raipur chhattisgarh,2025-08-15T16:00:00,31.7,37,23.7,62.64,1.5,90.3,rain,0,0,12.6,10.8,93.2,997,91.4,24.1,648,2.3,6,30,"Rain, Overcast",rain,
raipur chhattisgarh,2025-08-15T17:00:00,31.1,36.2,23.7,64.81,0.8,90.3,rain,0,0,13,11.5,88.8,997,69.1,24.1,414,1.5,4,30,"Rain, Partially cloudy",rain,
raipur chhattisgarh,2025-08-15T18:00:00,30.7,36.2,24.2,68.33,0.3,90.3,rain,0,0,13,9,99.1,997,46.9,22.9,247,0.9,2,60,"Rain, Partially cloudy",rain,
raipur chhattisgarh,2025-08-15T19:00:00,29.4,34.5,24.4,74.52,0.4,96.8,rain,0,0,13,8.3,126.1,998,40.6,14.2,60,0.2,0,60,"Rain, Partially cloudy",rain,
raipur chhattisgarh,2025-08-15T20:00:00,28.6,33.2,24.4,78.06,0.3,96.8,rain,0,0,15.5,9.4,126.2,999,34.6,14.3,0,0,0,30,"Rain, Partially cloudy",rain,
raipur chhattisgarh,2025-08-15T21:00:00,28,31.9,24.1,79.39,0.9,96.8,rain,0,0,16.6,10.1,123.7,999,50.4,22.1,0,0,0,30,"Rain, Partially cloudy",rain,
raipur chhattisgarh,2025-08-15T22:00:00,27.8,31.3,23.8,78.89,1.5,96.8,rain,0,0,18,11.2,156,1000,98.5,23.5,0,0,0,30,"Rain, Overcast",rain,
raipur chhattisgarh,2025-08-15T23:00:00,27.2,30.3,23.9,82.2,1.1,96.8,rain,0,0,16.9,10.1,211.4,1000,100,24.1,0,0,0,30,"Rain, Overcast",rain,
raipur chhattisgarh,2025-08-16T00:00:00,26.4,26.4,24.1,87.2,0.4,96.8,rain,0,0,21.2,12.6,236.7,1000,98.1,24.1,0,0,0,30,"Rain, Overcast",rain,
raipur chhattisgarh,2025-08-16T01:00:00,25.8,25.8,24.1,90.35,0.8,77.4,rain,0,0,19.8,10.8,227.6,999,99.4,4.9,0,0,0,30,"Rain, Overcast",rain,
raipur chhattisgarh,2025-08-16T02:00:00,25.8,25.8,24.1,90.35,0.2,77.4,rain,0,0,18.7,11.2,215.7,999,87.5,13.3,0,0,0,30,"Rain, Partially cloudy",rain,
raipur chhattisgarh,2025-08-16T03:00:00,25.4,25.4,24,91.97,0.5,77.4,rain,0,0,21.6,13,212.7,999,81.1,24.1,0,0,0,30,"Rain, Partially cloudy",rain,
raipur chhattisgarh,2025-08-16T04:00:00,25.1,25.1,24,93.63,1,77.4,rain,0,0,19.8,12.2,220.9,999,22.8,24.1,0,0,0,30,"Rain, Partially cloudy",rain,
raipur chhattisgarh,2025-08-16T05:00:00,25,25,24,94.19,0,77.4,rain,0,0,15.8,9.4,219,999,26.4,24.1,0,0,0,30,"Rain, Partially cloudy",rain,
raipur chhattisgarh,2025-08-16T06:00:00,24.9,24.9,24,94.75,0,77.4,rain,0,0,12.6,7.9,213.8,999,53.7,24.1,0,0,0,30,"Rain, Partially cloudy",rain,
raipur chhattisgarh,2025-08-16T07:00:00,25.2,25.2,24,93.07,0,77.4,rain,0,0,10.8,9,211.7,1000,38.8,24.1,29,0.1,0,30,"Rain, Partially cloudy",rain,
raipur chhattisgarh,2025-08-16T08:00:00,26.3,26.3,24.1,87.72,0,77.4,rain,0,0,6.1,8.3,216.3,1000,56.1,24.1,209,0.8,2,30,"Rain, Partially cloudy",rain,
raipur chhattisgarh,2025-08-16T09:00:00,27.2,30.5,24.2,83.69,0,77.4,rain,0,0,6.5,7.9,194.2,1001,75.4,24.1,375,1.3,4,30,"Rain, Partially cloudy",rain,
raipur chhattisgarh,2025-08-16T10:00:00,28.1,32.1,24.1,78.93,0.3,77.4,rain,0,0,8.3,9,189.4,1001,73.3,24.1,452,1.6,5,30,"Rain, Partially cloudy",rain,
raipur chhattisgarh,2025-08-16T11:00:00,29.4,34.2,24.1,73.19,0.4,77.4,rain,0,0,7.9,8.3,188.5,1000,48.2,24.1,684,2.5,7,30,"Rain, Partially cloudy",rain,
raipur chhattisgarh,2025-08-16T12:00:00,30.7,36,24,67.52,0.7,77.4,rain,0,0,6.1,6.1,174.8,999,46.6,12.9,871,3.1,9,30,"Rain, Partially cloudy",rain,
raipur chhattisgarh,2025-08-16T13:00:00,31.9,37.7,24,63.06,1.1,93.5,rain,0,0,4,4,134.6,998,99.7,21.8,939,3.4,9,60,"Rain, Overcast",rain,
raipur chhattisgarh,2025-08-16T14:00:00,31.6,36.9,23.7,63,2,93.5,rain,0,0,6.1,6.5,123.6,997,99.5,15.1,832,3,8,60,"Rain, Overcast",rain,
raipur chhattisgarh,2025-08-16T15:00:00,31.9,37.3,23.7,61.93,1.7,93.5,rain,0,0,6.8,7.6,144.7,997,89.1,24.1,703,2.5,7,60,"Rain, Partially cloudy",rain,
raipur chhattisgarh,2025-08-16T16:00:00,32,37.4,23.7,61.58,0.5,93.5,rain,0,0,5.8,6.8,161,996,31.7,21.8,615,2.2,6,60,"Rain, Partially cloudy",rain,
raipur chhattisgarh,2025-08-16T17:00:00,31.9,37.3,23.7,61.93,0.9,93.5,rain,0,0,5.4,6.8,187.6,996,92.2,24.1,470,1.7,5,60,"Rain, Overcast",rain,
raipur chhattisgarh,2025-08-16T18:00:00,30.8,36.5,24.3,68.35,1.7,93.5,rain,0,0,10.8,11.9,200.2,997,100,13.1,253,0.9,3,60,"Rain, Overcast",rain,
raipur chhattisgarh,2025-08-16T19:00:00,28.6,33.2,24.5,78.53,2.6,80.6,rain,0,0,17.3,11.9,209.9,997,100,10.7,38,0.1,0,30,"Rain, Overcast",rain,
raipur chhattisgarh,2025-08-16T20:00:00,27.1,30.3,24.3,84.69,4,80.6,rain,0,0,25.2,16.6,193.8,999,100,5.6,0,0,0,30,"Rain, Overcast",rain,
raipur chhattisgarh,2025-08-16T21:00:00,26.5,26.5,24.5,88.79,2.6,80.6,rain,0,0,27.4,18.4,218.8,1000,100,5.3,0,0,0,30,"Rain, Overcast",rain,
raipur chhattisgarh,2025-08-16T22:00:00,26.4,26.4,24.5,89.32,0.7,80.6,rain,0,0,27.7,16.9,241.2,1000,100,24.1,0,0,0,30,"Rain, Overcast",rain,
raipur chhattisgarh,2025-08-16T23:00:00,26.1,26.1,24.5,90.92,0,80.6,rain,0,0,27.7,15.1,246.9,1001,100,24.1,0,0,0,30,"Rain, Overcast",rain,
raipur chhattisgarh,2025-08-17T00:00:00,25.9,25.9,24.4,91.45,0.5,80.6,rain,0,0,27,14,234.4,1000,100,24.1,0,0,0,30,"Rain, Overcast",rain,
raipur chhattisgarh,2025-08-17T01:00:00,25.8,25.8,24.4,91.99,0.7,54.8,rain,0,0,25.6,14.4,229.6,1000,100,24.1,0,0,0,30,"Rain, Overcast",rain,
raipur chhattisgarh,2025-08-17T02:00:00,25.5,25.5,24.3,93.09,0.2,54.8,rain,0,0,24.8,13.7,236.6,999,100,24.1,0,0,0,30,"Rain, Overcast",rain,
raipur chhattisgarh,2025-08-17T03:00:00,25.3,25.3,24.2,93.64,0.1,54.8,rain,0,0,23.4,12.2,244,999,100,24.1,0,0,0,30,"Rain, Overcast",rain,
raipur chhattisgarh,2025-08-17T04:00:00,25.2,25.2,24.2,94.2,0,54.8,rain,0,0,20.5,10.4,233.3,999,100,24.1,0,0,0,30,"Rain, Overcast",rain,
raipur chhattisgarh,2025-08-17T05:00:00,25.2,25.2,24.1,93.63,0,54.8,rain,0,0,19.8,11.2,227.4,999,100,24.1,0,0,0,30,"Rain, Overcast",rain,
raipur chhattisgarh,2025-08-17T06:00:00,24.9,24.9,23.9,94.18,0,54.8,rain,0,0,20.5,11.5,224,1000,92.5,24.1,0,0,0,10,"Rain, Overcast",rain,
raipur chhattisgarh,2025-08-17T07:00:00,25.2,25.2,23.8,91.96,0,32.3,,0,0,18,12.2,223.1,1001,99.4,24.1,27,0.1,0,10,Overcast,cloudy,
raipur chhattisgarh,2025-08-17T08:00:00,26,26,23.8,87.69,0,32.3,,0,0,13.3,11.9,228.3,1001,99.1,24.1,182,0.7,2,10,Overcast,cloudy,
raipur chhattisgarh,2025-08-17T09:00:00,27,29.8,23.7,82.17,0,32.3,,0,0,9.7,10.1,226.3,1002,100,24.1,363,1.3,4,10,Overcast,cloudy,
raipur chhattisgarh,2025-08-17T10:00:00,27.8,31.3,23.7,78.41,0.1,32.3,rain,0,0,9.4,10.4,217.1,1002,97.7,24.1,439,1.6,4,10,Overcast,cloudy,
raipur chhattisgarh,2025-08-17T11:00:00,28.8,33,23.8,74.43,0,32.3,,0,0,9.4,11.9,215.9,1001,80.3,24.1,635,2.3,6,30,Partially cloudy,partly-cloudy-day,
raipur chhattisgarh,2025-08-17T12:00:00,29.6,34.2,23.8,71.06,0.1,32.3,rain,0,0,9.4,12.2,212.9,1001,70.7,24.1,771,2.8,8,30,Partially cloudy,partly-cloudy-day,
raipur chhattisgarh,2025-08-17T13:00:00,30.2,35.1,23.8,68.65,0,80.6,rain,0,0,8.6,11.5,217.3,1000,64.3,24.1,760,2.7,8,30,"Rain, Partially cloudy",rain,
raipur chhattisgarh,2025-08-17T14:00:00,30.9,36,23.7,65.56,0,80.6,rain,0,0,7.6,10.4,224.3,999,86.8,24.1,768,2.8,8,30,"Rain, Partially cloudy",rain,
raipur chhattisgarh,2025-08-17T15:00:00,31,36,23.6,64.79,0.1,80.6,rain,0,0,7.2,9.7,227.6,998,89.4,24.1,552,2,6,30,"Rain, Partially cloudy",rain,
raipur chhattisgarh,2025-08-17T16:00:00,30.8,35.6,23.5,65.14,0.3,80.6,rain,0,0,5.4,7.6,230.3,998,99.6,24.1,408,1.5,4,30,"Rain, Overcast",rain,
raipur chhattisgarh,2025-08-17T17:00:00,30.7,35.4,23.4,65.12,0.2,80.6,rain,0,0,2.9,4.7,222,998,98.5,24.1,307,1.1,3,30,"Rain, Overcast",rain,
raipur chhattisgarh,2025-08-17T18:00:00,30.5,35.4,23.7,67.07,0,80.6,rain,0,0,2.9,4,216.2,999,99.4,24.1,161,0.6,2,30,"Rain, Overcast",rain,
raipur chhattisgarh,2025-08-17T19:00:00,29.3,34.1,24.2,74.06,0.7,77.4,rain,0,0,4.3,4,189,999,100,24.1,57,0.2,0,30,"Rain, Overcast",rain,
raipur chhattisgarh,2025-08-17T20:00:00,28.5,32.9,24.3,78.04,2.3,77.4,rain,0,0,3.2,2.5,172.8,1000,100,10.8,0,0,0,30,"Rain, Overcast",rain,
raipur chhattisgarh,2025-08-17T21:00:00,27.9,31.8,24.3,80.82,2.9,77.4,rain,0,0,4,3.2,127.7,1001,90.1,4.4,0,0,0,30,"Rain, Overcast",rain,
raipur chhattisgarh,2025-08-17T22:00:00,27.6,31,23.9,80.29,2,77.4,rain,0,0,8.3,7.2,131,1001,93.3,7.5,0,0,0,10,"Rain, Overcast",rain,
raipur chhattisgarh,2025-08-17T23:00:00,27.3,30.5,23.9,81.72,0.7,77.4,rain,0,0,7.6,6.1,142.6,1001,99.7,18.1,0,0,0,10,"Rain, Overcast",rain,
raipur chhattisgarh,2025-08-18T00:00:00,27,29.9,23.9,83.17,0.4,77.4,rain,0,0,5.4,4.7,156,1001,100,9.6,0,0,0,10,"Rain, Overcast",rain,
raipur chhattisgarh,2025-08-18T01:00:00,26.8,29.5,23.9,84.15,0.3,67.7,rain,0,0,3.2,2.5,163.6,1000,100,24.1,0,0,0,10,"Rain, Overcast",rain,
raipur chhattisgarh,2025-08-18T02:00:00,26.5,26.5,23.9,85.65,0,67.7,rain,0,0,3.2,2.5,154.5,1000,100,24.1,0,0,0,10,"Rain, Overcast",rain,
raipur chhattisgarh,2025-08-18T03:00:00,26.3,26.3,23.9,86.67,0,67.7,rain,0,0,6.1,5.4,100.7,1000,100,24.1,0,0,0,10,"Rain, Overcast",rain,
raipur chhattisgarh,2025-08-18T04:00:00,26.1,26.1,23.9,87.7,0.1,67.7,rain,0,0,9.7,7.2,91,999,100,24.1,0,0,0,10,"Rain, Overcast",rain,
raipur chhattisgarh,2025-08-18T05:00:00,25.7,25.7,23.9,89.81,0,67.7,rain,0,0,16.9,9,97.1,1000,100,24.1,0,0,0,10,"Rain, Overcast",rain,
raipur chhattisgarh,2025-08-18T06:00:00,25.2,25.2,23.8,91.96,0,67.7,rain,0,0,20.5,10.1,85.2,1000,98,24.1,0,0,0,10,"Rain, Overcast",rain,
raipur chhattisgarh,2025-08-18T07:00:00,25.5,25.5,23.8,90.33,0,58.1,rain,0,0,22.3,10.8,90.2,1001,100,24.1,28,0.1,0,10,"Rain, Overcast",rain,
raipur chhattisgarh,2025-08-18T08:00:00,26.4,26.4,23.4,83.6,0.1,58.1,rain,0,0,25.6,16.6,101.6,1002,99.3,24.1,176,0.6,2,10,"Rain, Overcast",rain,
raipur chhattisgarh,2025-08-18T09:00:00,27.6,30.6,23.2,76.98,0,58.1,rain,0,0,20.9,15.8,101.4,1002,62.2,24.1,380,1.4,4,10,"Rain, Partially cloudy",rain,
raipur chhattisgarh,2025-08-18T10:00:00,29.1,32.8,23,69.69,0,58.1,rain,0,0,21.6,17.3,91.7,1002,95.9,24.1,637,2.3,6,10,"Rain, Overcast",rain,
raipur chhattisgarh,2025-08-18T11:00:00,30.1,34.1,22.9,65.39,0,58.1,rain,0,0,23,18.4,90.4,1002,98.2,24.1,791,2.8,8,10,"Rain, Overcast",rain,
raipur chhattisgarh,2025-08-18T12:00:00,31.1,35.3,22.8,61.38,0.2,58.1,rain,0,0,22.3,18.7,84.7,1001,100,24.1,882,3.2,9,10,"Rain, Overcast",rain,
raipur chhattisgarh,2025-08-18T13:00:00,31.6,35.9,22.7,59.3,0.1,77.4,rain,0,0,21.2,18,84.5,1000,90.8,24.1,853,3.1,9,10,"Rain, Overcast",rain,
raipur chhattisgarh,2025-08-18T14:00:00,30.9,35,22.7,61.71,0.3,77.4,rain,0,0,21.6,18.7,83.4,999,100,18.8,504,1.8,5,10,"Rain, Overcast",rain,
raipur chhattisgarh,2025-08-18T15:00:00,31.1,35.4,22.9,61.76,0.3,77.4,rain,0,0,21.6,18.4,82.1,998,100,19.3,560,2,6,30,"Rain, Overcast",rain,
raipur chhattisgarh,2025-08-18T16:00:00,31,35.3,22.9,62.11,0.1,77.4,rain,0,0,22.3,18.7,79.6,998,99.4,24.1,548,2,5,30,"Rain, Overcast",rain,
raipur chhattisgarh,2025-08-18T17:00:00,30.9,35.2,23,62.84,0,77.4,rain,0,0,22,16.9,80,998,100,24.1,448,1.6,4,30,"Rain, Overcast",rain,
raipur chhattisgarh,2025-08-18T18:00:00,29.7,34.3,23.7,70.23,0.4,77.4,rain,0,0,18.7,14,74.5,998,99.1,23.1,247,0.9,2,30,"Rain, Overcast",rain,
raipur chhattisgarh,2025-08-18T19:00:00,27.8,31.4,23.9,79.36,1.2,90.3,rain,0,0,20.5,11.5,73.2,999,71.1,5.8,51,0.2,0,30,"Rain, Partially cloudy",rain,
raipur chhattisgarh,2025-08-18T20:00:00,27.3,30.5,24,82.21,1,90.3,rain,0,0,19.4,10.1,74.5,1000,89.5,24.1,0,0,0,30,"Rain, Partially cloudy",rain,
raipur chhattisgarh,2025-08-18T21:00:00,26.9,29.7,23.8,83.16,0.8,90.3,rain,0,0,20.9,10.4,86.1,1000,93,18.2,0,0,0,30,"Rain, Overcast",rain,
raipur chhattisgarh,2025-08-18T22:00:00,26.7,26.7,23.8,84.14,0.3,90.3,rain,0,0,20.2,9,98.8,1000,100,24.1,0,0,0,30,"Rain, Overcast",rain,
raipur chhattisgarh,2025-08-18T23:00:00,26.4,26.4,23.8,85.64,0,90.3,rain,0,0,16.9,7.6,91.4,1000,100,24.1,0,0,0,30,"Rain, Overcast",rain,
raipur chhattisgarh,2025-08-19T00:00:00,26.2,26.2,23.7,86.14,0.2,90.3,rain,0,0,14.8,7.9,87.4,1000,100,15.3,0,0,0,10,"Rain, Overcast",rain,
raipur chhattisgarh,2025-08-19T01:00:00,26,26,23.5,86.12,0.6,64.5,rain,0,0,11.5,6.5,80.8,1000,98.1,24.1,0,0,0,10,"Rain, Overcast",rain,
raipur chhattisgarh,2025-08-19T02:00:00,26,26,23.3,85.09,0.2,64.5,rain,0,0,7.2,6.1,72,999,100,11.6,0,0,0,10,"Rain, Overcast",rain,
raipur chhattisgarh,2025-08-19T03:00:00,26.1,26.1,23,83.07,1.2,64.5,rain,0,0,7.9,6.8,50.1,998,100,23,0,0,0,10,"Rain, Overcast",rain,
raipur chhattisgarh,2025-08-19T04:00:00,26,26,23,83.56,0.6,64.5,rain,0,0,11.2,8.3,35.1,998,100,13,0,0,0,10,"Rain, Overcast",rain,
raipur chhattisgarh,2025-08-19T05:00:00,26,26,23,83.56,0.7,64.5,rain,0,0,10.8,7.6,37.9,998,99.8,11.9,0,0,0,10,"Rain, Overcast",rain,
raipur chhattisgarh,2025-08-19T06:00:00,25.9,25.9,22.9,83.55,0.3,64.5,rain,0,0,8.3,6.8,58,999,31.1,20.9,0,0,0,10,"Rain, Partially cloudy",rain,
raipur chhattisgarh,2025-08-19T07:00:00,26.6,26.6,22.8,79.68,0,71,rain,0,0,11.4,7.3,47.1,999.3,47,21.3,71.3,0.3,1,10,"Rain, Partially cloudy",rain,
raipur chhattisgarh,2025-08-19T08:00:00,27.3,30,22.7,76.01,0,71,rain,0,0,14.5,7.8,36.1,999.7,63,21.6,142.7,0.5,1,10,"Rain, Partially cloudy",rain,
raipur chhattisgarh,2025-08-19T09:00:00,28.1,31.1,22.7,72.53,1.3,71,rain,0,0,17.6,8.3,25.2,1000,78.9,22,214,0.8,2,10,"Rain, Partially cloudy",rain,
raipur chhattisgarh,2025-08-19T10:00:00,28.2,31.2,22.6,71.82,0,71,rain,0,0,16.6,8.8,34.4,999.7,83.9,20.9,294.3,1.1,3,10,"Rain, Partially cloudy",rain,
raipur chhattisgarh,2025-08-19T11:00:00,28.3,31.3,22.5,71.11,0,71,rain,0,0,15.5,9.2,43.6,999.3,89,19.9,374.7,1.3,4,10,"Rain, Partially cloudy",rain,
raipur chhattisgarh,2025-08-19T12:00:00,28.4,31.4,22.5,70.41,1.3,71,rain,0,0,14.4,9.7,52.8,999,94,18.8,455,1.6,5,10,"Rain, Overcast",rain,
raipur chhattisgarh,2025-08-19T13:00:00,28,31,22.6,72.38,0,67.7,rain,0,0,11.6,7.6,45.2,998.3,96,20.6,397,1.4,4,10,"Rain, Overcast",rain,
raipur chhattisgarh,2025-08-19T14:00:00,27.7,30.6,22.7,74.4,0,67.7,rain,0,0,8.9,5.4,37.6,997.7,98,22.3,339,1.2,3,10,"Rain, Overcast",rain,
raipur chhattisgarh,2025-08-19T15:00:00,27.4,30.1,22.9,76.48,1.6,67.7,rain,0,0,6.1,3.2,30,997,100,24.1,281,1,3,10,"Rain, Overcast",rain,
raipur chhattisgarh,2025-08-19T16:00:00,26.9,29.5,23.1,79.88,0,67.7,rain,0,0,10.3,6.2,93.6,996.7,97.1,18.6,237.3,0.8,2,10,"Rain, Overcast",rain,
raipur chhattisgarh,2025-08-19T17:00:00,26.4,26.4,23.4,83.44,0,67.7,rain,0,0,14.5,9.2,157.2,996.3,94.1,13,193.7,0.7,2,10,"Rain, Overcast",rain,
raipur chhattisgarh,2025-08-19T18:00:00,26,26,23.7,87.17,2.8,67.7,rain,0,0,18.7,12.2,220.8,996,91.2,7.5,150,0.5,2,10,"Rain, Overcast",rain,
raipur chhattisgarh,2025-08-19T19:00:00,25.8,25.8,23.5,87.15,0,64.5,rain,0,0,23.4,13.1,230,996.3,94.1,13,100,0.3,0,10,"Rain, Overcast",rain,
raipur chhattisgarh,2025-08-19T20:00:00,25.6,25.6,23.3,87.14,0,64.5,rain,0,0,28.1,13.9,239.3,996.7,97.1,18.6,50,0.2,0,10,"Rain, Overcast",rain,
raipur chhattisgarh,2025-08-19T21:00:00,25.5,25.5,23.2,87.12,0.7,64.5,rain,0,0,32.8,14.8,248.5,997,100,24.1,0,0,0,10,"Rain, Overcast",rain,
raipur chhattisgarh,2025-08-19T22:00:00,25,25,23.3,90.12,0,64.5,rain,0,0,33,15.6,249.2,997,100,17,0,0,0,10,"Rain, Overcast",rain,
raipur chhattisgarh,2025-08-19T23:00:00,24.6,24.6,23.4,93.23,0,64.5,rain,0,0,33.2,16.4,250,997,100,9.9,0,0,0,10,"Rain, Overcast",rain,
raipur chhattisgarh,2025-08-20T00:00:00,24.2,24.2,23.6,96.46,8.4,64.5,rain,0,0,33.5,17.3,250.7,997,100,2.8,0,0,0,10,"Rain, Overcast",rain,
raipur chhattisgarh,2025-08-20T01:00:00,24.2,24.2,23.5,96.07,0,54.8,rain,0,0,34.9,18,248.2,996.7,100,7.4,0,0,0,10,"Rain, Overcast",rain,
raipur chhattisgarh,2025-08-20T02:00:00,24.2,24.2,23.4,95.68,0,54.8,rain,0,0,36.4,18.7,245.8,996.3,100,12,0,0,0,10,"Rain, Overcast",rain,
raipur chhattisgarh,2025-08-20T03:00:00,24.2,24.2,23.4,95.3,11.2,54.8,rain,0,0,37.8,19.4,243.3,996,100,16.6,0,0,0,10,"Rain, Overcast",rain,
raipur chhattisgarh,2025-08-20T04:00:00,24.1,24.1,23.3,95.11,0,54.8,rain,0,0,38.2,19.4,237.4,996,100,19.1,0,0,0,10,"Rain, Overcast",rain,
raipur chhattisgarh,2025-08-20T05:00:00,24,24,23.2,94.91,0,54.8,rain,0,0,38.5,19.4,231.5,996,99.9,21.6,0,0,0,10,"Rain, Overcast",rain,
raipur chhattisgarh,2025-08-20T06:00:00,24,24,23.1,94.72,1.7,54.8,rain,0,0,38.9,19.4,225.6,996,99.9,24.1,0,0,0,10,"Rain, Overcast",rain,
raipur chhattisgarh,2025-08-20T07:00:00,24.1,24.1,22.9,93.4,0,61.3,rain,0,0,38.8,19.3,226.5,996.7,96.1,24.1,6.3,0,0,10,"Rain, Overcast",rain,
raipur chhattisgarh,2025-08-20T08:00:00,24.2,24.2,22.9,92.09,0,61.3,rain,0,0,38.6,19.2,227.5,997.3,92.3,24.1,12.7,0.1,0,10,"Rain, Overcast",rain,
raipur chhattisgarh,2025-08-20T09:00:00,24.4,24.4,22.8,90.81,0.2,61.3,rain,0,0,38.5,19.1,228.4,998,88.5,24.1,19,0.1,0,10,"Rain, Partially cloudy",rain,
raipur chhattisgarh,2025-08-20T10:00:00,25.2,25.2,22.7,86.05,0,61.3,rain,0,0,36.4,20.4,229.5,998,92.2,24.1,142.7,0.5,1,10,"Rain, Overcast",rain,
raipur chhattisgarh,2025-08-20T11:00:00,25.9,25.9,22.6,81.56,0,61.3,rain,0,0,34.2,21.7,230.5,998,95.8,24.1,266.3,1,3,3,"Rain, Overcast",rain,
raipur chhattisgarh,2025-08-20T12:00:00,26.8,29,22.5,77.32,0.3,61.3,rain,0,0,32,23,231.6,998,99.5,24.1,390,1.4,4,3,"Rain, Overcast",rain,
raipur chhattisgarh,2025-08-20T13:00:00,27.1,29.5,22.5,76.13,0,64.5,rain,0,0,31.2,23.3,228.5,997.3,87.2,24.1,451.7,1.6,5,3,"Rain, Partially cloudy",rain,
raipur chhattisgarh,2025-08-20T14:00:00,27.4,30,22.5,74.95,0,64.5,rain,0,0,30.4,23.5,225.4,996.7,74.9,24.1,513.3,1.9,5,3,"Rain, Partially cloudy",rain,
raipur chhattisgarh,2025-08-20T15:00:00,27.7,30.5,22.6,73.8,0.5,64.5,rain,0,0,29.5,23.8,222.3,996,62.6,24.1,575,2.1,6,3,"Rain, Partially cloudy",rain,
raipur chhattisgarh,2025-08-20T16:00:00,27.3,30,22.7,75.71,0,64.5,rain,0,0,29.8,22.3,216.4,996.3,51.7,24.1,479.3,1.7,5,3,"Rain, Partially cloudy",rain,
raipur chhattisgarh,2025-08-20T17:00:00,27,29.5,22.8,77.67,0,64.5,rain,0,0,30,20.9,210.5,996.7,40.9,24.1,383.7,1.4,4,3,"Rain, Partially cloudy",rain,
raipur chhattisgarh,2025-08-20T18:00:00,26.7,26.7,22.9,79.69,0.1,64.5,rain,0,0,30.2,19.4,204.6,997,30,24.1,288,1,3,3,"Rain, Partially cloudy",rain,
raipur chhattisgarh,2025-08-20T19:00:00,26,26,22.7,81.89,0,41.9,,0,0,31,18,200.6,998,34.1,24.1,192,0.7,0,3,Partially cloudy,partly-cloudy-night,
raipur chhattisgarh,2025-08-20T20:00:00,25.3,25.3,22.4,84.17,0,41.9,,0,0,31.7,16.6,196.6,999,38.3,24.1,96,0.3,0,3,Partially cloudy,partly-cloudy-night,
raipur chhattisgarh,2025-08-20T21:00:00,24.7,24.7,22.3,86.52,0.1,41.9,rain,0,0,32.4,15.1,192.6,1000,42.4,24.1,0,0,0,3,Partially cloudy,partly-cloudy-night,
raipur chhattisgarh,2025-08-20T22:00:00,24.4,24.4,22.2,87.73,0,41.9,,0,0,32.8,15.1,193.4,1000.3,35.1,24.1,0,0,0,10,Partially cloudy,partly-cloudy-night,
raipur chhattisgarh,2025-08-20T23:00:00,24.1,24.1,22.1,88.96,0,41.9,,0,0,33.1,15.1,194.3,1000.7,27.8,24.1,0,0,0,10,Partially cloudy,partly-cloudy-night,
raipur chhattisgarh,2025-08-21T00:00:00,23.8,23.8,22.1,90.22,0,41.9,,0,0,33.5,15.1,195.1,1001,20.5,24.1,0,0,0,10,Partially cloudy,partly-cloudy-night,
raipur chhattisgarh,2025-08-21T01:00:00,23.6,23.6,21.9,90.57,0,58.1,rain,0,0,33,13.8,197.2,1000.7,21.2,24.1,0,0,0,10,"Rain, Partially cloudy",rain,
raipur chhattisgarh,2025-08-21T02:00:00,23.4,23.4,21.9,90.93,0,58.1,rain,0,0,32.5,12.5,199.3,1000.3,21.9,24.1,0,0,0,10,"Rain, Partially cloudy",rain,
raipur chhattisgarh,2025-08-21T03:00:00,23.3,23.3,21.8,91.29,0,58.1,rain,0,0,32,11.2,201.4,1000,22.6,24.1,0,0,0,10,"Rain, Partially cloudy",rain,
raipur chhattisgarh,2025-08-21T04:00:00,23.1,23.1,21.7,91.84,0,58.1,rain,0,0,31.1,11.5,198.1,1000.3,36.4,24.1,0,0,0,10,"Rain, Partially cloudy",rain,
raipur chhattisgarh,2025-08-21T05:00:00,23,23,21.7,92.4,0,58.1,rain,0,0,30.1,11.9,194.7,1000.7,50.2,24.1,0,0,0,10,"Rain, Partially cloudy",rain,
raipur chhattisgarh,2025-08-21T06:00:00,22.9,22.9,21.7,92.96,0,58.1,rain,0,0,29.2,12.2,191.4,1001,64,24.1,0,0,0,10,"Rain, Partially cloudy",rain,
raipur chhattisgarh,2025-08-21T07:00:00,23.8,23.8,21.8,88.94,0,45.2,rain,0,0,28.3,14.5,201.6,1001.3,64.8,24.1,62,0.2,1,10,"Rain, Partially cloudy",rain,
raipur chhattisgarh,2025-08-21T08:00:00,24.7,24.7,22,85.13,0,45.2,rain,0,0,27.5,16.8,211.9,1001.7,65.7,24.1,124,0.5,1,10,"Rain, Partially cloudy",rain,
raipur chhattisgarh,2025-08-21T09:00:00,25.6,25.6,22.2,81.51,0,45.2,rain,0,0,26.6,19.1,222.1,1002,66.5,24.1,186,0.7,2,10,"Rain, Partially cloudy",rain,
raipur chhattisgarh,2025-08-21T10:00:00,26.7,28.8,22.2,76.53,0,45.2,rain,0,0,25.6,19.3,226.4,1002,51.6,24.1,351.3,1.3,4,10,"Rain, Partially cloudy",rain,
raipur chhattisgarh,2025-08-21T11:00:00,27.8,30.6,22.3,71.91,0,45.2,rain,0,0,24.5,19.6,230.8,1002,36.7,24.1,516.7,1.9,5,10,"Rain, Partially cloudy",rain,
raipur chhattisgarh,2025-08-21T12:00:00,29,32.2,22.4,67.59,0.4,45.2,rain,0,0,23.4,19.8,235.1,1002,21.8,24.1,682,2.5,7,10,"Rain, Partially cloudy",rain,
raipur chhattisgarh,2025-08-21T13:00:00,29.8,33.2,22.3,64.28,0,48.4,rain,0,0,21.7,18.4,231.5,1001,41.5,24.1,748.3,2.7,7,10,"Rain, Partially cloudy",rain,
raipur chhattisgarh,2025-08-21T14:00:00,30.6,34.2,22.2,61.15,0,48.4,rain,0,0,20,16.9,228,1000,61.3,24.1,814.7,3,8,10,"Rain, Partially cloudy",rain,
raipur chhattisgarh,2025-08-21T15:00:00,31.4,35.1,22.2,58.18,0.1,48.4,rain,0,0,18.4,15.5,224.4,999,81,24.1,881,3.2,9,10,"Rain, Partially cloudy",rain,
raipur chhattisgarh,2025-08-21T16:00:00,30.4,34.2,22.5,62.87,0,48.4,rain,0,0,20,15.4,225.2,999,61.5,18.6,677.3,2.5,7,10,"Rain, Partially cloudy",rain,
raipur chhattisgarh,2025-08-21T17:00:00,29.4,33.2,22.9,67.96,0,48.4,rain,0,0,21.7,15.2,225.9,999,42.1,13.2,473.7,1.7,5,10,"Rain, Partially cloudy",rain,
raipur chhattisgarh,2025-08-21T18:00:00,28.5,32.1,23.3,73.48,1.1,48.4,rain,0,0,23.4,15.1,226.7,999,22.6,7.7,270,1,3,30,"Rain, Partially cloudy",rain,
raipur chhattisgarh,2025-08-21T19:00:00,27.7,30.8,23.2,76.84,0,67.7,rain,0,0,25.9,15.2,226,1000.3,38.9,12.9,180,0.7,0,10,"Rain, Partially cloudy",rain,
raipur chhattisgarh,2025-08-21T20:00:00,26.9,29.4,23.2,80.36,0,67.7,rain,0,0,28.4,15.4,225.3,1001.7,55.3,18,90,0.3,0,10,"Rain, Partially cloudy",rain,
raipur chhattisgarh,2025-08-21T21:00:00,26.1,26.1,23.2,84.08,3,67.7,rain,0,0,31,15.5,224.6,1003,71.6,23.2,0,0,0,10,"Rain, Partially cloudy",rain,
raipur chhattisgarh,2025-08-21T22:00:00,25.8,25.8,23.1,85.41,0,67.7,rain,0,0,31.8,15.1,223.7,1003,55.1,23.5,0,0,0,10,"Rain, Partially cloudy",rain,
raipur chhattisgarh,2025-08-21T23:00:00,25.5,25.5,23.1,86.77,0,67.7,rain,0,0,32.6,14.8,222.9,1003,38.7,23.8,0,0,0,10,"Rain, Partially cloudy",rain,
raipur chhattisgarh,2025-08-22T00:00:00,25.2,25.2,23.1,88.16,0.2,67.7,rain,0,0,33.5,14.4,222,1003,22.2,24.1,0,0,0,10,"Rain, Partially cloudy",rain,
raipur chhattisgarh,2025-08-22T01:00:00,25,25,23,88.85,0,48.4,rain,0,0,33.7,13.6,223.7,1002.7,48.1,24.1,0,0,0,10,"Rain, Partially cloudy",rain,
raipur chhattisgarh,2025-08-22T02:00:00,24.8,24.8,22.9,89.56,0,48.4,rain,0,0,34,12.7,225.4,1002.3,74.1,24.1,0,0,0,10,"Rain, Partially cloudy",rain,
raipur chhattisgarh,2025-08-22T03:00:00,24.6,24.6,22.9,90.27,0,48.4,rain,0,0,34.2,11.9,227.1,1002,100,24.1,0,0,0,10,"Rain, Overcast",rain,
raipur chhattisgarh,2025-08-22T04:00:00,24.4,24.4,22.8,90.99,0,48.4,rain,0,0,31.8,10.6,220.5,1002.3,73.7,24.1,0,0,0,10,"Rain, Partially cloudy",rain,
raipur chhattisgarh,2025-08-22T05:00:00,24.2,24.2,22.8,91.72,0,48.4,rain,0,0,29.4,9.2,213.9,1002.7,47.5,24.1,0,0,0,10,"Rain, Partially cloudy",rain,
raipur chhattisgarh,2025-08-22T06:00:00,24.1,24.1,22.8,92.46,0,48.4,rain,0,0,27,7.9,207.3,1003,21.2,24.1,0,0,0,10,"Rain, Partially cloudy",rain,
raipur chhattisgarh,2025-08-22T07:00:00,25.1,25.1,22.9,87.62,0,48.4,rain,0,0,26.2,11,220.9,1003.3,46.9,24.1,70.3,0.3,1,10,"Rain, Partially cloudy",rain,
raipur chhattisgarh,2025-08-22T08:00:00,26.1,26.1,22.9,83.07,0,48.4,rain,0,0,25.3,14.2,234.5,1003.7,72.5,24.1,140.7,0.5,1,10,"Rain, Partially cloudy",rain,
raipur chhattisgarh,2025-08-22T09:00:00,27.1,29.7,23.1,78.79,0,48.4,rain,0,0,24.5,17.3,248.1,1004,98.2,24.1,211,0.8,2,10,"Rain, Overcast",rain,
raipur chhattisgarh,2025-08-22T10:00:00,27.5,30.5,23.1,76.81,0,48.4,rain,0,0,23.4,17,251.6,1003.7,98.8,24.1,244,0.9,2,10,"Rain, Overcast",rain,
raipur chhattisgarh,2025-08-22T11:00:00,27.9,31.2,23.1,74.89,0,48.4,rain,0,0,22.3,16.8,255.1,1003.3,99.4,24.1,277,1,3,10,"Rain, Overcast",rain,
raipur chhattisgarh,2025-08-22T12:00:00,28.4,31.8,23.1,73.02,0.4,48.4,rain,0,0,21.2,16.6,258.6,1003,100,24.1,310,1.1,3,10,"Rain, Overcast",rain,
raipur chhattisgarh,2025-08-22T13:00:00,29.2,33.1,23.1,69.58,0,58.1,rain,0,0,20.6,16.2,257.4,1002.3,93.5,24.1,376,1.3,4,30,"Rain, Overcast",rain,
raipur chhattisgarh,2025-08-22T14:00:00,30,34.2,23.1,66.32,0,58.1,rain,0,0,20,15.8,256.1,1001.7,86.9,24.1,442,1.6,4,30,"Rain, Partially cloudy",rain,
raipur chhattisgarh,2025-08-22T15:00:00,30.9,35.3,23.1,63.23,0.1,58.1,rain,0,0,19.4,15.5,254.9,1001,80.4,24.1,508,1.8,5,30,"Rain, Partially cloudy",rain,
raipur chhattisgarh,2025-08-22T16:00:00,30.4,34.9,23.3,65.86,0,58.1,rain,0,0,21.6,16,252.9,1001,75.2,24.1,464,1.7,5,30,"Rain, Partially cloudy",rain,
raipur chhattisgarh,2025-08-22T17:00:00,29.9,34.5,23.5,68.61,0,58.1,rain,0,0,23.8,16.4,250.8,1001,70,24.1,420,1.5,4,30,"Rain, Partially cloudy",rain,
raipur chhattisgarh,2025-08-22T18:00:00,29.5,34,23.8,71.47,0.5,58.1,rain,0,0,25.9,16.9,248.8,1001,64.8,24.1,376,1.4,4,60,"Rain, Partially cloudy",rain,
raipur chhattisgarh,2025-08-22T19:00:00,28.6,32.7,23.8,75.15,0,61.3,rain,0,0,28.4,16.9,244.2,1001.7,76.3,24.1,250.7,0.9,0,30,"Rain, Partially cloudy",rain,
raipur chhattisgarh,2025-08-22T20:00:00,27.7,31.3,23.8,79.04,0,61.3,rain,0,0,31,16.9,239.7,1002.3,87.9,24.1,125.3,0.5,0,30,"Rain, Partially cloudy",rain,
raipur chhattisgarh,2025-08-22T21:00:00,26.9,29.7,23.8,83.16,0.3,61.3,rain,0,0,33.5,16.9,235.1,1003,99.4,24.1,0,0,0,30,"Rain, Overcast",rain,
raipur chhattisgarh,2025-08-22T22:00:00,26.4,26.4,23.6,84.63,0,61.3,rain,0,0,35.3,16.9,236.4,1003,99.6,18,0,0,0,30,"Rain, Overcast",rain,
raipur chhattisgarh,2025-08-22T23:00:00,26,26,23.5,86.13,0,61.3,rain,0,0,37.1,16.9,237.7,1003,99.8,11.8,0,0,0,10,"Rain, Overcast",rain,
raipur chhattisgarh,2025-08-23T00:00:00,25.6,25.6,23.4,87.66,3.4,61.3,rain,0,0,38.9,16.9,239,1003,100,5.7,0,0,0,10,"Rain, Overcast",rain,
raipur chhattisgarh,2025-08-23T01:00:00,25.4,25.4,23.4,88.71,0,71,rain,0,0,39,18,252.9,1002.7,100,5.3,0,0,0,10,"Rain, Overcast",rain,
raipur chhattisgarh,2025-08-23T02:00:00,25.2,25.2,23.4,89.77,0,71,rain,0,0,39.1,19.1,266.8,1002.3,100,4.9,0,0,0,10,"Rain, Overcast",rain,
raipur chhattisgarh,2025-08-23T03:00:00,25,25,23.4,90.85,8.7,71,rain,0,0,39.2,20.2,280.7,1002,100,4.5,0,0,0,10,"Rain, Overcast",rain,
raipur chhattisgarh,2025-08-23T04:00:00,24.7,24.7,23.3,92.3,0,71,rain,0,0,36.1,18,280.4,1002,100,6.5,0,0,0,10,"Rain, Overcast",rain,
raipur chhattisgarh,2025-08-23T05:00:00,24.4,24.4,23.3,93.79,0,71,rain,0,0,33,15.8,280,1002,100,8.5,0,0,0,10,"Rain, Overcast",rain,
raipur chhattisgarh,2025-08-23T06:00:00,24.1,24.1,23.3,95.3,9.2,71,rain,0,0,29.9,13.7,279.7,1002,100,10.5,0,0,0,10,"Rain, Overcast",rain,
raipur chhattisgarh,2025-08-23T07:00:00,24.2,24.2,23.2,94.16,0,54.8,rain,0,0,31.1,14.8,275.7,1002.7,100,15,7,0,0,10,"Rain, Overcast",rain,
raipur chhattisgarh,2025-08-23T08:00:00,24.3,24.3,23.1,93.03,0,54.8,rain,0,0,32.3,15.8,271.6,1003.3,100,19.6,14,0.1,0,10,"Rain, Overcast",rain,
raipur chhattisgarh,2025-08-23T09:00:00,24.5,24.5,23.1,91.92,1.4,54.8,rain,0,0,33.5,16.9,267.6,1004,100,24.1,21,0.1,0,10,"Rain, Overcast",rain,
raipur chhattisgarh,2025-08-23T10:00:00,25.3,25.3,23.1,87.64,0,54.8,rain,0,0,33.5,18.5,272.2,1004,99.6,22,127,0.5,1,10,"Rain, Overcast",rain,
raipur chhattisgarh,2025-08-23T11:00:00,26.1,26.1,23.1,83.58,0,54.8,rain,0,0,33.5,20,276.7,1004,99.3,19.9,233,0.8,2,10,"Rain, Overcast",rain,
raipur chhattisgarh,2025-08-23T12:00:00,27,29.6,23.2,79.73,2.9,54.8,rain,0,0,33.5,21.6,281.3,1004,98.9,17.8,339,1.2,3,10,"Rain, Overcast",rain,
raipur chhattisgarh,2025-08-23T13:00:00,26.8,29.2,23,79.71,0,61.3,rain,0,0,33.5,22.1,281.2,1003,99.3,19.9,395.7,1.4,4,10,"Rain, Overcast",rain,
raipur chhattisgarh,2025-08-23T14:00:00,26.6,26.6,22.8,79.69,0,61.3,rain,0,0,33.5,22.6,281,1002,99.6,22,452.3,1.6,5,10,"Rain, Overcast",rain,
raipur chhattisgarh,2025-08-23T15:00:00,26.5,26.5,22.7,79.67,0.1,61.3,rain,0,0,33.5,23,280.9,1001,100,24.1,509,1.8,5,10,"Rain, Overcast",rain,
raipur chhattisgarh,2025-08-23T16:00:00,26.4,26.4,22.7,80.3,0,61.3,rain,0,0,32.2,21.7,278.1,1001,98.8,24.1,477.3,1.7,5,10,"Rain, Overcast",rain,
raipur chhattisgarh,2025-08-23T17:00:00,26.3,26.3,22.7,80.94,0,61.3,rain,0,0,30.8,20.4,275.2,1001,97.5,24.1,445.7,1.6,4,10,"Rain, Overcast",rain,
raipur chhattisgarh,2025-08-23T18:00:00,26.2,26.2,22.8,81.58,0,61.3,rain,0,0,29.5,19.1,272.4,1001,96.3,24.1,414,1.5,4,10,"Rain, Overcast",rain,
raipur chhattisgarh,2025-08-23T19:00:00,25.5,25.5,22.7,84.36,0,48.4,rain,0,0,30.5,18.8,264.7,1001.3,97.4,24.1,276,1,0,10,"Rain, Overcast",rain,
raipur chhattisgarh,2025-08-23T20:00:00,24.8,24.8,22.6,87.24,0,48.4,rain,0,0,31.4,18.6,257.1,1001.7,98.6,24.1,138,0.5,0,10,"Rain, Overcast",rain,
raipur chhattisgarh,2025-08-23T21:00:00,24.2,24.2,22.5,90.24,0,48.4,rain,0,0,32.4,18.4,249.4,1002,99.7,24.1,0,0,0,10,"Rain, Overcast",rain,
raipur chhattisgarh,2025-08-23T22:00:00,24.2,24.2,22.5,90.61,0,48.4,rain,0,0,33.1,18,250.4,1002,99.8,24.1,0,0,0,10,"Rain, Overcast",rain,
raipur chhattisgarh,2025-08-23T23:00:00,24.2,24.2,22.6,90.98,0,48.4,rain,0,0,33.8,17.6,251.4,1002,99.9,24.1,0,0,0,10,"Rain, Overcast",rain,
raipur chhattisgarh,2025-08-24T00:00:00,24.2,24.2,22.7,91.35,0.2,48.4,rain,0,0,34.6,17.3,252.4,1002,100,24.1,0,0,0,10,"Rain, Overcast",rain,
raipur chhattisgarh,2025-08-24T01:00:00,23.9,23.9,22.8,93.39,0,67.7,rain,0,0,33.6,16.9,254.5,1001.3,100,17.5,0,0,0,10,"Rain, Overcast",rain,
raipur chhattisgarh,2025-08-24T02:00:00,23.7,23.7,22.9,95.48,0,67.7,rain,0,0,32.6,16.6,256.6,1000.7,100,10.8,0,0,0,10,"Rain, Overcast",rain,
raipur chhattisgarh,2025-08-24T03:00:00,23.5,23.5,23.1,97.61,12.3,67.7,rain,0,0,31.7,16.2,258.7,1000,100,4.2,0,0,0,10,"Rain, Overcast",rain,
raipur chhattisgarh,2025-08-24T04:00:00,23.5,23.5,23,97.03,0,67.7,rain,0,0,31.1,16.2,259.7,1000,100,10.6,0,0,0,10,"Rain, Overcast",rain,
raipur chhattisgarh,2025-08-24T05:00:00,23.6,23.6,23,96.44,0,67.7,rain,0,0,30.5,16.2,260.8,1000,100,17.1,0,0,0,10,"Rain, Overcast",rain,
raipur chhattisgarh,2025-08-24T06:00:00,23.7,23.7,23,95.86,4.4,67.7,rain,0,0,29.9,16.2,261.8,1000,100,23.5,0,0,0,10,"Rain, Overcast",rain,
raipur chhattisgarh,2025-08-24T07:00:00,23.9,23.9,23.1,95.1,0,35.5,,0,0,27.6,15.8,261.4,1000.3,100,23.7,12,0,0,10,Overcast,cloudy,
raipur chhattisgarh,2025-08-24T08:00:00,24.1,24.1,23.2,94.34,0,35.5,,0,0,25.3,15.5,261,1000.7,100,23.9,24,0.1,0,10,Overcast,cloudy,
raipur chhattisgarh,2025-08-24T09:00:00,24.4,24.4,23.3,93.6,0.1,35.5,rain,0,0,23,15.1,260.6,1001,100,24.1,36,0.1,0,10,Overcast,cloudy,
raipur chhattisgarh,2025-08-24T10:00:00,24.2,24.2,23.2,94.16,0,35.5,,0,0,23.4,15.2,250.4,1000.7,100,21.6,68.3,0.2,1,10,Overcast,cloudy,
raipur chhattisgarh,2025-08-24T11:00:00,24.1,24.1,23.2,94.72,0,35.5,,0,0,23.8,15.4,240.2,1000.3,100,19,100.7,0.4,1,10,Overcast,cloudy,
raipur chhattisgarh,2025-08-24T12:00:00,24,24,23.2,95.29,1.9,35.5,rain,0,0,24.1,15.5,230,1000,100,16.5,133,0.5,1,10,Overcast,cloudy,
raipur chhattisgarh,2025-08-24T13:00:00,23.7,23.7,22.9,95.28,0,71,rain,0,0,28.7,17.9,235.7,999.3,100,19,100.7,0.4,1,10,"Rain, Overcast",rain,
raipur chhattisgarh,2025-08-24T14:00:00,23.5,23.5,22.7,95.28,0,71,rain,0,0,33.2,20.3,241.5,998.7,100,21.6,68.3,0.2,1,10,"Rain, Overcast",rain,
raipur chhattisgarh,2025-08-24T15:00:00,23.3,23.3,22.5,95.27,0.6,71,rain,0,0,37.8,22.7,247.2,998,100,24.1,36,0.1,0,10,"Rain, Overcast",rain,
raipur chhattisgarh,2025-08-24T16:00:00,23.6,23.6,22.5,93.56,0,71,rain,0,0,38.2,22.8,248.4,998,99.7,24.1,47.7,0.2,0,10,"Rain, Overcast",rain,
raipur chhattisgarh,2025-08-24T17:00:00,23.9,23.9,22.5,91.89,0,71,rain,0,0,38.5,22.9,249.7,998,99.3,24.1,59.3,0.2,1,10,"Rain, Overcast",rain,
raipur chhattisgarh,2025-08-24T18:00:00,24.3,24.3,22.6,90.25,0.2,71,rain,0,0,38.9,23,250.9,998,99,24.1,71,0.3,1,10,"Rain, Overcast",rain,
raipur chhattisgarh,2025-08-24T19:00:00,23.9,23.9,22.4,91.15,0,67.7,rain,0,0,40,22.8,248.7,998.7,99.3,24.1,47.3,0.2,0,10,"Rain, Overcast",rain,
raipur chhattisgarh,2025-08-24T20:00:00,23.6,23.6,22.2,92.06,0,67.7,rain,0,0,41,22.6,246.4,999.3,99.7,24.1,23.7,0.1,0,10,"Rain, Overcast",rain,
raipur chhattisgarh,2025-08-24T21:00:00,23.3,23.3,22.1,92.98,0,67.7,rain,0,0,42.1,22.3,244.2,1000,100,24.1,0,0,0,10,"Rain, Overcast",rain,
raipur chhattisgarh,2025-08-24T22:00:00,23.2,23.2,22.1,93.16,0,67.7,rain,0,0,41.8,22,246.4,999.7,95.8,24.1,0,0,0,10,"Rain, Overcast",rain,
raipur chhattisgarh,2025-08-24T23:00:00,23.2,23.2,22.1,93.35,0,67.7,rain,0,0,41.4,21.6,248.6,999.3,91.6,24.1,0,0,0,10,"Rain, Overcast",rain,
raipur chhattisgarh,2025-08-25T00:00:00,23.2,23.2,22.1,93.54,1,67.7,rain,0,0,41,21.2,250.8,999,87.4,24.1,0,0,0,10,"Rain, Partially cloudy",rain,
raipur chhattisgarh,2025-08-25T01:00:00,23.1,23.1,22.1,94.3,0,61.3,rain,0,0,40.4,20.8,252.2,998.7,91.6,20,0,0,0,10,"Rain, Overcast",rain,
raipur chhattisgarh,2025-08-25T02:00:00,23,23,22.1,95.06,0,61.3,rain,0,0,39.8,20.3,253.6,998.3,95.8,15.9,0,0,0,10,"Rain, Overcast",rain,
raipur chhattisgarh,2025-08-25T03:00:00,22.9,22.9,22.2,95.84,1.4,61.3,rain,0,0,39.2,19.8,255,998,100,11.8,0,0,0,10,"Rain, Overcast",rain,
raipur chhattisgarh,2025-08-25T04:00:00,22.9,22.9,22.3,96.23,0,61.3,rain,0,0,37.8,18.5,254,998,100,10.9,0,0,0,10,"Rain, Overcast",rain,
raipur chhattisgarh,2025-08-25T05:00:00,22.9,22.9,22.4,96.62,0,61.3,rain,0,0,36.4,17.2,252.9,998,100,9.9,0,0,0,10,"Rain, Overcast",rain,
raipur chhattisgarh,2025-08-25T06:00:00,23,23,22.5,97.01,2.3,61.3,rain,0,0,34.9,15.8,251.9,998,100,9,0,0,0,10,"Rain, Overcast",rain,
raipur chhattisgarh,2025-08-25T07:00:00,23,23,22.4,96.82,0,74.2,rain,0,0,34.2,16,250.3,998.7,100,8.6,2.3,0,0,10,"Rain, Overcast",rain,
raipur chhattisgarh,2025-08-25T08:00:00,23,23,22.4,96.62,0,74.2,rain,0,0,33.5,16.1,248.7,999.3,100,8.3,4.7,0,0,3,"Rain, Overcast",rain,
raipur chhattisgarh,2025-08-25T09:00:00,23,23,22.4,96.42,2.8,74.2,rain,0,0,32.8,16.2,247.1,1000,100,7.9,7,0,0,3,"Rain, Overcast",rain,
raipur chhattisgarh,2025-08-25T10:00:00,23.1,23.1,22.4,96.04,0,74.2,rain,0,0,33.6,17,247.1,1000,100,13.3,15.7,0,0,10,"Rain, Overcast",rain,
raipur chhattisgarh,2025-08-25T11:00:00,23.2,23.2,22.5,95.65,0,74.2,rain,0,0,34.4,17.9,247,1000,100,18.7,24.3,0.1,0,10,"Rain, Overcast",rain,
raipur chhattisgarh,2025-08-25T12:00:00,23.4,23.4,22.6,95.27,1.5,74.2,rain,0,0,35.3,18.7,247,1000,100,24.1,33,0.1,0,10,"Rain, Overcast",rain,
raipur chhattisgarh,2025-08-25T13:00:00,23.4,23.4,22.5,94.89,0,74.2,rain,0,0,37.4,20.4,246.7,999.3,100,23.9,37,0.1,0,10,"Rain, Overcast",rain,
raipur chhattisgarh,2025-08-25T14:00:00,23.4,23.4,22.4,94.5,0,74.2,rain,0,0,39.6,22.1,246.3,998.7,100,23.7,41,0.2,0,10,"Rain, Overcast",rain,
raipur chhattisgarh,2025-08-25T15:00:00,23.4,23.4,22.4,94.12,0.4,74.2,rain,0,0,41.8,23.8,246,998,100,23.5,45,0.2,0,3,"Rain, Overcast",rain,
raipur chhattisgarh,2025-08-25T16:00:00,23.4,23.4,22.3,93.74,0,74.2,rain,0,0,43.6,23.6,246,998.3,100,20.5,38.7,0.2,0,3,"Rain, Overcast",rain,
raipur chhattisgarh,2025-08-25T17:00:00,23.4,23.4,22.2,93.36,0,74.2,rain,0,0,45.4,23.5,246.1,998.7,100,17.6,32.3,0.1,0,3,"Rain, Overcast",rain,
raipur chhattisgarh,2025-08-25T18:00:00,23.4,23.4,22.2,92.98,1.1,74.2,rain,0,0,47.2,23.4,246.1,999,100,14.6,26,0.1,0,3,"Rain, Overcast",rain,
raipur chhattisgarh,2025-08-25T19:00:00,23.4,23.4,22.2,93.17,0,45.2,rain,0,0,46.4,22.6,245.5,999.7,100,17.8,17.3,0.1,0,10,"Rain, Overcast",rain,
raipur chhattisgarh,2025-08-25T20:00:00,23.4,23.4,22.2,93.36,0,45.2,rain,0,0,45.7,21.7,244.8,1000.3,100,20.9,8.7,0,0,10,"Rain, Overcast",rain,
raipur chhattisgarh,2025-08-25T21:00:00,23.4,23.4,22.3,93.55,0.3,45.2,rain,0,0,45,20.9,244.2,1001,100,24.1,0,0,0,10,"Rain, Overcast",rain,
raipur chhattisgarh,2025-08-25T22:00:00,23.3,23.3,22.3,93.74,0,45.2,rain,0,0,43.8,20.5,244.2,1001,100,22.2,0,0,0,10,"Rain, Overcast",rain,
raipur chhattisgarh,2025-08-25T23:00:00,23.3,23.3,22.3,93.93,0,45.2,rain,0,0,42.6,20.2,244.2,1001,100,20.2,0,0,0,10,"Rain, Overcast",rain,
raipur chhattisgarh,2025-08-26T00:00:00,23.3,23.3,22.3,94.12,0.1,45.2,rain,0,0,41.4,19.8,244.2,1001,100,18.3,0,0,0,10,"Rain, Overcast",rain,
raipur chhattisgarh,2025-08-26T01:00:00,23.2,23.2,22.2,94.3,0,71,rain,0,0,41.4,19.8,246.4,1000.7,100,18,0,0,0,10,"Rain, Overcast",rain,
raipur chhattisgarh,2025-08-26T02:00:00,23.1,23.1,22.1,94.49,0,71,rain,0,0,41.4,19.8,248.7,1000.3,100,17.7,0,0,0,10,"Rain, Overcast",rain,
raipur chhattisgarh,2025-08-26T03:00:00,23,23,22.1,94.68,0.8,71,rain,0,0,41.4,19.8,250.9,1000,100,17.4,0,0,0,10,"Rain, Overcast",rain,
raipur chhattisgarh,2025-08-26T04:00:00,22.9,22.9,22,94.49,0,71,rain,0,0,41.6,20,250.5,1000.3,100,17,0,0,0,10,"Rain, Overcast",rain,
raipur chhattisgarh,2025-08-26T05:00:00,22.9,22.9,21.9,94.29,0,71,rain,0,0,41.9,20.3,250,1000.7,100,16.6,0,0,0,10,"Rain, Overcast",rain,
raipur chhattisgarh,2025-08-26T06:00:00,22.9,22.9,21.9,94.1,0.8,71,rain,0,0,42.1,20.5,249.6,1001,100,16.2,0,0,0,10,"Rain, Overcast",rain,
raipur chhattisgarh,2025-08-26T07:00:00,22.9,22.9,21.9,94.1,0,51.6,rain,0,0,41.8,20.5,249.1,1001.7,100,17.7,2,0,0,10,"Rain, Overcast",rain,
raipur chhattisgarh,2025-08-26T08:00:00,22.9,22.9,21.9,94.1,0,51.6,rain,0,0,41.4,20.5,248.7,1002.3,100,19.3,4,0,0,10,"Rain, Overcast",rain,
raipur chhattisgarh,2025-08-26T09:00:00,23,23,22,94.1,2.5,51.6,rain,0,0,41,20.5,248.2,1003,100,20.8,6,0,0,10,"Rain, Overcast",rain,
raipur chhattisgarh,2025-08-26T10:00:00,23.2,23.2,22,92.97,0,51.6,rain,0,0,39.8,21,248,1003,100,21.7,34,0.2,0,10,"Rain, Overcast",rain,
raipur chhattisgarh,2025-08-26T11:00:00,23.4,23.4,22,91.86,0,51.6,rain,0,0,38.6,21.5,247.8,1003,99.9,22.7,62,0.3,1,10,"Rain, Overcast",rain,
raipur chhattisgarh,2025-08-26T12:00:00,23.7,23.7,22.1,90.76,0.2,51.6,rain,0,0,37.4,22,247.6,1003,99.9,23.6,90,0.3,1,10,"Rain, Overcast",rain,
raipur chhattisgarh,2025-08-26T13:00:00,23.7,23.7,22.1,90.58,0,67.7,rain,0,0,36,20.3,249.2,1002.3,99.9,23.8,105.3,0.4,1,10,"Rain, Overcast",rain,
raipur chhattisgarh,2025-08-26T14:00:00,23.8,23.8,22.1,90.4,0,67.7,rain,0,0,34.6,18.6,250.7,1001.7,100,23.9,120.7,0.4,1,10,"Rain, Overcast",rain,
raipur chhattisgarh,2025-08-26T15:00:00,23.9,23.9,22.2,90.22,0.1,67.7,rain,0,0,33.1,16.9,252.3,1001,100,24.1,136,0.5,1,10,"Rain, Overcast",rain,
raipur chhattisgarh,2025-08-26T16:00:00,24,24,22.3,90.6,0,67.7,rain,0,0,28,13.9,245.3,1001,78.2,24.1,113.7,0.4,1,10,"Rain, Partially cloudy",rain,
raipur chhattisgarh,2025-08-26T17:00:00,24.1,24.1,22.5,90.97,0,67.7,rain,0,0,22.8,10.9,238.3,1001,56.4,24.1,91.3,0.3,1,10,"Rain, Partially cloudy",rain,
raipur chhattisgarh,2025-08-26T18:00:00,24.2,24.2,22.7,91.35,0.1,67.7,rain,0,0,17.6,7.9,231.3,1001,34.6,24.1,69,0.2,1,10,"Rain, Partially cloudy",rain,
raipur chhattisgarh,2025-08-26T19:00:00,24.1,24.1,22.7,91.9,0,54.8,rain,0,0,17.2,8.3,229.4,1001.7,56.4,24.1,46,0.1,0,10,"Rain, Partially cloudy",rain,
raipur chhattisgarh,2025-08-26T20:00:00,24,24,22.7,92.45,0,54.8,rain,0,0,16.7,8.6,227.4,1002.3,78.2,24.1,23,0.1,0,10,"Rain, Partially cloudy",rain,
raipur chhattisgarh,2025-08-26T21:00:00,24,24,22.8,93.01,0.1,54.8,rain,0,0,16.2,9,225.5,1003,100,24.1,0,0,0,10,"Rain, Overcast",rain,
raipur chhattisgarh,2025-08-26T22:00:00,23.9,23.9,22.8,93.39,0,54.8,rain,0,0,18.2,9.1,227.4,1003,99.9,24.1,0,0,0,10,"Rain, Overcast",rain,
raipur chhattisgarh,2025-08-26T23:00:00,23.9,23.9,22.8,93.76,0,54.8,rain,0,0,20.3,9.2,229.4,1003,99.9,24.1,0,0,0,10,"Rain, Overcast",rain,
raipur chhattisgarh,2025-08-27T00:00:00,23.9,23.9,22.9,94.14,0.1,54.8,rain,0,0,22.3,9.4,231.3,1003,99.8,24.1,0,0,0,10,"Rain, Overcast",rain,
raipur chhattisgarh,2025-08-27T01:00:00,23.8,23.8,22.9,94.71,0,58.1,rain,0,0,22.2,9.5,234.2,1002.3,99.9,24.1,0,0,0,10,"Rain, Overcast",rain,
raipur chhattisgarh,2025-08-27T02:00:00,23.7,23.7,22.9,95.28,0,58.1,rain,0,0,22.1,9.6,237.1,1001.7,99.9,24.1,0,0,0,10,"Rain, Overcast",rain,
raipur chhattisgarh,2025-08-27T03:00:00,23.7,23.7,23,95.86,0.1,58.1,rain,0,0,22,9.7,240,1001,100,24.1,0,0,0,10,"Rain, Overcast",rain,
raipur chhattisgarh,2025-08-27T04:00:00,23.6,23.6,23,96.05,0,58.1,rain,0,0,22.3,9.8,241.1,1001.3,100,22.7,0,0,0,10,"Rain, Overcast",rain,
raipur chhattisgarh,2025-08-27T05:00:00,23.6,23.6,23,96.25,0,58.1,rain,0,0,22.7,10,242.2,1001.7,99.9,21.2,0,0,0,10,"Rain, Overcast",rain,
raipur chhattisgarh,2025-08-27T06:00:00,23.6,23.6,23,96.44,0.3,58.1,rain,0,0,23,10.1,243.3,1002,99.9,19.8,0,0,0,10,"Rain, Overcast",rain,
raipur chhattisgarh,2025-08-27T07:00:00,24.1,24.1,23,93.96,0,54.8,rain,0,0,22.1,12.1,250.5,1002.3,99.9,21.2,29,0.2,0,10,"Rain, Overcast",rain,
raipur chhattisgarh,2025-08-27T08:00:00,24.6,24.6,23.1,91.56,0,54.8,rain,0,0,21.1,14.2,257.8,1002.7,100,22.7,58,0.3,1,10,"Rain, Overcast",rain,
raipur chhattisgarh,2025-08-27T09:00:00,25.1,25.1,23.2,89.22,0.3,54.8,rain,0,0,20.2,16.2,265,1003,100,24.1,87,0.3,1,10,"Rain, Overcast",rain,
raipur chhattisgarh,2025-08-27T10:00:00,25.8,25.8,23.3,86.11,0,54.8,rain,0,0,19.4,16,271.1,1002.7,98.3,24.1,165.7,0.6,2,10,"Rain, Overcast",rain,
raipur chhattisgarh,2025-08-27T11:00:00,26.6,26.6,23.5,83.13,0,54.8,rain,0,0,18.7,15.7,277.1,1002.3,96.5,24.1,244.3,0.9,2,10,"Rain, Overcast",rain,
raipur chhattisgarh,2025-08-27T12:00:00,27.4,30.6,23.7,80.27,0.3,54.8,rain,0,0,18,15.5,283.2,1002,94.8,24.1,323,1.2,3,10,"Rain, Overcast",rain,
raipur chhattisgarh,2025-08-27T13:00:00,27.7,31.2,23.7,78.56,0,64.5,rain,0,0,17.4,14.5,286.8,1001.3,96.5,18.3,417.7,1.5,4,10,"Rain, Overcast",rain,
raipur chhattisgarh,2025-08-27T14:00:00,28.1,31.8,23.7,76.9,0,64.5,rain,0,0,16.8,13.6,290.5,1000.7,98.3,12.6,512.3,1.9,5,30,"Rain, Overcast",rain,
raipur chhattisgarh,2025-08-27T15:00:00,28.5,32.4,23.7,75.28,3.6,64.5,rain,0,0,16.2,12.6,294.1,1000,100,6.8,607,2.2,6,30,"Rain, Overcast",rain,
raipur chhattisgarh,2025-08-27T16:00:00,28.1,31.9,23.8,77.83,0,64.5,rain,0,0,19,13,289.3,999.7,100,12.3,475.3,1.7,5,30,"Rain, Overcast",rain,
raipur chhattisgarh,2025-08-27T17:00:00,27.7,31.3,24,80.47,0,64.5,rain,0,0,21.7,13.3,284.6,999.3,100,17.8,343.7,1.3,3,30,"Rain, Overcast",rain,
raipur chhattisgarh,2025-08-27T18:00:00,27.3,30.7,24.2,83.2,3.3,64.5,rain,0,0,24.5,13.7,279.8,999,100,23.3,212,0.8,2,30,"Rain, Overcast",rain,
raipur chhattisgarh,2025-08-27T19:00:00,26.5,26.5,24,86,0,48.4,rain,0,0,23.9,12.2,275.2,999.7,100,23.6,141.3,0.5,0,30,"Rain, Overcast",rain,
raipur chhattisgarh,2025-08-27T20:00:00,25.8,25.8,23.8,88.92,0,48.4,rain,0,0,23.3,10.8,270.7,1000.3,100,23.8,70.7,0.3,0,10,"Rain, Overcast",rain,
raipur chhattisgarh,2025-08-27T21:00:00,25.1,25.1,23.7,91.95,2.8,48.4,rain,0,0,22.7,9.4,266.1,1001,100,24.1,0,0,0,10,"Rain, Overcast",rain,
raipur chhattisgarh,2025-08-27T22:00:00,24.9,24.9,23.6,92.32,0,48.4,rain,0,0,22.4,9.7,263.6,1001,100,24.1,0,0,0,10,"Rain, Overcast",rain,
raipur chhattisgarh,2025-08-27T23:00:00,24.9,24.9,23.6,92.68,0,48.4,rain,0,0,22.2,10.1,261,1001,100,24.1,0,0,0,10,"Rain, Overcast",rain,
raipur chhattisgarh,2025-08-28T00:00:00,24.8,24.8,23.6,93.05,0.5,48.4,rain,0,0,22,10.4,258.5,1001,100,24.1,0,0,0,10,"Rain, Overcast",rain,
raipur chhattisgarh,2025-08-28T01:00:00,24.6,24.6,23.5,93.42,0,67.7,rain,0,0,21.5,10.1,261.8,1000.3,100,24.1,0,0,0,10,"Rain, Overcast",rain,
raipur chhattisgarh,2025-08-28T02:00:00,24.5,24.5,23.4,93.79,0,67.7,rain,0,0,21,9.7,265,999.7,100,24.1,0,0,0,10,"Rain, Overcast",rain,
raipur chhattisgarh,2025-08-28T03:00:00,24.4,24.4,23.4,94.16,0,67.7,rain,0,0,20.5,9.4,268.3,999,100,24.1,0,0,0,10,"Rain, Overcast",rain,
raipur chhattisgarh,2025-08-28T04:00:00,24.2,24.2,23.3,94.54,0,67.7,rain,0,0,19,9.6,267.7,999,100,24.1,0,0,0,10,"Rain, Overcast",rain,
raipur chhattisgarh,2025-08-28T05:00:00,24.1,24.1,23.2,94.91,0,67.7,rain,0,0,17.4,9.8,267.2,999,100,24.1,0,0,0,10,"Rain, Overcast",rain,
raipur chhattisgarh,2025-08-28T06:00:00,24,24,23.2,95.29,0,67.7,rain,0,0,15.8,10.1,266.6,999,100,24.1,0,0,0,10,"Rain, Overcast",rain,
raipur chhattisgarh,2025-08-28T07:00:00,24.9,24.9,23.5,91.58,0,61.3,rain,0,0,15.2,9.8,284.3,999.3,100,18.6,56,0.3,1,10,"Rain, Overcast",rain,
raipur chhattisgarh,2025-08-28T08:00:00,25.9,25.9,23.8,88.04,0,61.3,rain,0,0,14.6,9.6,302.1,999.7,100,13,112,0.5,1,10,"Rain, Overcast",rain,
raipur chhattisgarh,2025-08-28T09:00:00,26.9,29.8,24.1,84.67,1.5,61.3,rain,0,0,14,9.4,319.8,1000,100,7.5,168,0.6,2,30,"Rain, Overcast",rain,
raipur chhattisgarh,2025-08-28T10:00:00,27.7,31.5,24.2,81.28,0,61.3,rain,0,0,13.6,9.5,331,999.7,100,6.5,307,1.1,3,30,"Rain, Overcast",rain,
raipur chhattisgarh,2025-08-28T11:00:00,28.5,33.1,24.3,78.05,0,61.3,rain,0,0,13.1,9.6,342.1,999.3,100,5.6,446,1.6,4,30,"Rain, Overcast",rain,
raipur chhattisgarh,2025-08-28T12:00:00,29.4,34.6,24.5,74.97,8.4,61.3,rain,0,0,12.6,9.7,353.3,999,100,4.6,585,2.1,6,30,"Rain, Overcast",rain,
raipur chhattisgarh,2025-08-28T13:00:00,29.8,35.2,24.4,72.83,0,77.4,rain,0,0,13.4,10.7,236.9,997.7,100,10.4,657.3,2.4,7,30,"Rain, Overcast",rain,
raipur chhattisgarh,2025-08-28T14:00:00,30.2,35.8,24.3,70.76,0,77.4,rain,0,0,14.3,11.6,120.5,996.3,100,16.3,729.7,2.6,7,30,"Rain, Overcast",rain,
raipur chhattisgarh,2025-08-28T15:00:00,30.7,36.3,24.3,68.75,4,77.4,rain,0,0,15.1,12.6,4.1,995,100,22.1,802,2.9,8,30,"Rain, Overcast",rain,
raipur chhattisgarh,2025-08-28T16:00:00,29.8,35.2,24.5,73.41,0,77.4,rain,0,0,15.8,12.1,2.9,995,100,16.8,657,2.4,7,30,"Rain, Overcast",rain,
raipur chhattisgarh,2025-08-28T17:00:00,28.9,34,24.7,78.41,0,77.4,rain,0,0,16.6,11.6,1.8,995,100,11.4,512,1.8,5,30,"Rain, Overcast",rain,
raipur chhattisgarh,2025-08-28T18:00:00,28,32.6,25,83.78,5,77.4,rain,0,0,17.3,11.2,0.6,995,100,6.1,367,1.3,4,30,"Rain, Overcast",rain,
raipur chhattisgarh,2025-08-28T19:00:00,27.5,31.3,24.6,84.4,0,74.2,rain,0,0,17.6,10.8,7.2,995.3,100,7.8,244.7,0.9,0,30,"Rain, Overcast",rain,
raipur chhattisgarh,2025-08-28T20:00:00,27,30.1,24.2,85.02,0,74.2,rain,0,0,18,10.4,13.7,995.7,100,9.5,122.3,0.4,0,30,"Rain, Overcast",rain,
raipur chhattisgarh,2025-08-28T21:00:00,26.5,26.5,23.9,85.65,5.6,74.2,rain,0,0,18.4,10.1,20.3,996,100,11.2,0,0,0,10,"Rain, Overcast",rain,
raipur chhattisgarh,2025-08-28T22:00:00,26.3,26.3,23.8,86.5,0,74.2,rain,0,0,21.2,11,21,995.7,100,9.4,0,0,0,10,"Rain, Overcast",rain,
raipur chhattisgarh,2025-08-28T23:00:00,26.1,26.1,23.8,87.35,0,74.2,rain,0,0,24.1,12,21.6,995.3,100,7.5,0,0,0,10,"Rain, Overcast",rain,
